"RMSE","RSquared"
70.9195835947951,0.396214179658372
